{"errors":{"write":0,"read":0,"status":0,"timeout":0,"connect":0},"duration":30076398,"requests":160403,"requests_statistics":{"max":666,"stdev":132.09374214714,"mean":446.80228667038,"min":60,"percentiles":{"99.999":666,"99":666,"50":393,"90":660}},"bytes":26306092,"latency_statistics":{"max":355748,"stdev":7888.5551849054,"mean":74068.627582255,"min":4234,"percentiles":{"99.999":280745,"99":103671,"50":73025,"90":79844}}}
{"errors":{"write":0,"read":0,"status":0,"timeout":16,"connect":0},"duration":30080144,"requests":472979,"requests_statistics":{"max":9834,"stdev":710.29779220612,"mean":1316.9966685175,"min":60,"percentiles":{"99.999":9834,"99":3323,"50":1180,"90":2220}},"bytes":77568556,"latency_statistics":{"max":198138,"stdev":22327.127918731,"mean":27688.537915057,"min":193,"percentiles":{"99.999":190232,"99":89353,"50":24491,"90":58911}}}
{"errors":{"write":0,"read":0,"status":0,"timeout":0,"connect":0},"duration":30044408,"requests":122844,"requests_statistics":{"max":666,"stdev":73.185792276538,"mean":343.37832539905,"min":10,"percentiles":{"99.999":666,"99":580,"50":330,"90":430}},"bytes":20146416,"latency_statistics":{"max":325645,"stdev":13818.638069601,"mean":96474.860974541,"min":32956,"percentiles":{"99.999":249274,"99":168876,"50":93206,"90":107670}}}
{"errors":{"write":0,"read":0,"status":0,"timeout":20,"connect":0},"duration":30059112,"requests":397282,"requests_statistics":{"max":6817,"stdev":619.03924150906,"mean":1111.1507116941,"min":9,"percentiles":{"99.999":6817,"99":3570,"50":1000,"90":1686}},"bytes":65154248,"latency_statistics":{"max":227521,"stdev":36108.189426422,"mean":37333.547298136,"min":192,"percentiles":{"99.999":227466,"99":154000,"50":24879,"90":91995}}}
{"errors":{"write":0,"read":0,"status":0,"timeout":396,"connect":0},"duration":30080325,"requests":925947,"requests_statistics":{"max":23070,"stdev":497.14062210466,"mean":2582.5461624027,"min":1360,"percentiles":{"99.999":23070,"99":3270,"50":2580,"90":2717}},"bytes":86113071,"latency_statistics":{"max":69224,"stdev":2413.8037721826,"mean":12846.520785397,"min":133,"percentiles":{"99.999":67165,"99":20180,"50":12851,"90":14455}}}
{"errors":{"write":0,"read":0,"status":0,"timeout":0,"connect":0},"duration":30075211,"requests":199102,"requests_statistics":{"max":797,"stdev":129.7640492528,"mean":556.03602345713,"min":10,"percentiles":{"99.999":797,"99":666,"50":636,"90":660}},"bytes":43205134,"latency_statistics":{"max":465432,"stdev":10309.119304981,"mean":59820.117605093,"min":15510,"percentiles":{"99.999":344406,"99":109366,"50":57783,"90":63400}}}
{"errors":{"write":0,"read":0,"status":0,"timeout":0,"connect":0},"duration":30065970,"requests":131211,"requests_statistics":{"max":730,"stdev":70.889639973687,"mean":366.38994413408,"min":55,"percentiles":{"99.999":730,"99":600,"50":333,"90":474}},"bytes":21518604,"latency_statistics":{"max":170213,"stdev":7194.6724463602,"mean":90224.019022795,"min":4941,"percentiles":{"99.999":170090,"99":112338,"50":88868,"90":97601}}}
{"errors":{"write":0,"read":0,"status":0,"timeout":21,"connect":0},"duration":30081902,"requests":407049,"requests_statistics":{"max":5444,"stdev":654.40389037771,"mean":1134.2298499166,"min":210,"percentiles":{"99.999":5444,"99":2750,"50":810,"90":2210}},"bytes":66756036,"latency_statistics":{"max":152796,"stdev":20313.378421408,"mean":30502.452523475,"min":319,"percentiles":{"99.999":152349,"99":86209,"50":30487,"90":57918}}}
{"errors":{"write":0,"read":0,"status":0,"timeout":392,"connect":0},"duration":30084354,"requests":896004,"requests_statistics":{"max":14757,"stdev":451.85192437159,"mean":2501.3585746102,"min":1030,"percentiles":{"99.999":14757,"99":3630,"50":2515,"90":2740}},"bytes":83328372,"latency_statistics":{"max":51501,"stdev":3118.6096008571,"mean":13258.663096122,"min":89,"percentiles":{"99.999":50378,"99":24329,"50":13075,"90":15587}}}
